time,latitude,longitude,depth,mag,magType,nst,gap,dmin,rms,net,id,updated,place,type,horizontalError,depthError,magError,magNst,status,locationSource,magSource,country,location,loc,city,Richter Scale,year,Depth Scale,cluster
1915-05-19 04:48:30.930000+00:00,38.4,39.674,15.0,5.71,mw,30.579625292740047,116.87532138024358,0.8673025404157043,0.7582616279069767,iscgem,iscgem913909,2022-04-26T00:04:23.717Z,"16 km NNW of Ergani, Turkey",earthquake,4.311959213401311,5.2,0.2,19.70785935884178,reviewed,iscgem,iscgem, Turkey,"(38.4, 39.674)","Maden, Elazığ, Doğu Anadolu Bölgesi, Türkiye",Elazığ,Moderate,1915,Shallow,1
1931-05-06 20:22:21.360000+00:00,38.436,38.955,15.0,5.24,mw,30.579625292740047,116.87532138024358,0.8673025404157043,0.7582616279069767,iscgemsup,iscgemsup906764,2022-05-09T17:30:02.379Z,"15 km NNW of Do?anyol, Turkey",earthquake,4.311959213401311,5.0,0.2,19.70785935884178,reviewed,iscgemsup,iscgemsup, Turkey,"(38.436, 38.955)","Baskil, Elazığ, Doğu Anadolu Bölgesi, Türkiye",Elazığ,Moderate,1931,Shallow,1
1948-08-18 19:06:13.460000+00:00,38.39,39.141,15.0,5.38,mw,30.579625292740047,116.87532138024358,0.8673025404157043,0.7582616279069767,iscgemsup,iscgemsup897501,2022-05-09T15:35:04.473Z,"13 km NE of Do?anyol, Turkey",earthquake,4.311959213401311,5.0,0.2,19.70785935884178,reviewed,iscgemsup,iscgemsup, Turkey,"(38.39, 39.141)","Uslu, Elazığ, Doğu Anadolu Bölgesi, Türkiye",Elazığ,Moderate,1948,Shallow,1
1973-09-10 03:02:04.200000+00:00,38.491,39.621,33.0,4.9,mb,30.579625292740047,116.87532138024358,0.8673025404157043,0.7582616279069767,us,usp00003d0,2022-04-27T18:39:53.336Z,"27 km NNW of Ergani, Turkey",earthquake,4.311959213401311,5.298684394681596,0.1684708994708995,19.70785935884178,reviewed,us,us, Turkey,"(38.491, 39.621)","mezra, Maden, Elazığ, Doğu Anadolu Bölgesi, Türkiye",Elazığ,Moderate,1973,Shallow,0
1974-06-23 21:06:10.200000+00:00,38.728,39.179,33.0,4.5,mb,30.579625292740047,116.87532138024358,0.8673025404157043,0.7582616279069767,us,usp00006v7,2014-11-06T23:21:24.879Z,"7 km NNW of Elaz??, Turkey",earthquake,4.311959213401311,5.298684394681596,0.1684708994708995,19.70785935884178,reviewed,us,us, Turkey,"(38.728, 39.179)","Nuralı, Elâzığ Merkez, Elazığ, Doğu Anadolu Bölgesi, 23119, Türkiye",Elazığ,Light,1974,Shallow,0
1974-08-21 13:36:30.300000+00:00,38.732,38.968,11.0,4.4,mb,30.579625292740047,116.87532138024358,0.8673025404157043,0.7582616279069767,us,usp00007qe,2014-11-06T23:21:25.902Z,"21 km ESE of Keban, Turkey",earthquake,4.311959213401311,5.298684394681596,0.1684708994708995,19.70785935884178,reviewed,us,us, Turkey,"(38.732, 38.968)","Kozluk, Elâzığ Merkez, Elazığ, Doğu Anadolu Bölgesi, Türkiye",Elazığ,Light,1974,Shallow,1
1977-03-25 02:39:58.200000+00:00,38.562,40.024,21.0,5.2,mb,30.579625292740047,116.87532138024358,0.8673025404157043,0.7582616279069767,us,usp0000n3z,2022-04-27T16:34:57.373Z,"8 km W of Ar?cak, Turkey",earthquake,4.311959213401311,5.298684394681596,0.1684708994708995,19.70785935884178,reviewed,us,us, Turkey,"(38.562, 40.024)","Kayahisar, Elazığ, Doğu Anadolu Bölgesi, Türkiye",Elazığ,Moderate,1977,Shallow,0
1977-05-14 21:43:38.100000+00:00,38.774,40.019,10.0,4.7,mb,30.579625292740047,116.87532138024358,0.8673025404157043,0.7582616279069767,us,usp0000nwa,2020-07-10T22:12:10.998Z,"12 km NE of Palu, Turkey",earthquake,4.311959213401311,5.298684394681596,0.1684708994708995,19.70785935884178,reviewed,us,us, Turkey,"(38.774, 40.019)","Kovancılar, Elazığ, Doğu Anadolu Bölgesi, Türkiye",Elazığ,Light,1977,Shallow,1
1977-07-17 09:00:33.100000+00:00,38.636,39.852,33.0,4.3,mb,30.579625292740047,116.87532138024358,0.8673025404157043,0.7582616279069767,us,usp0000ps0,2014-11-06T23:21:43.002Z,"8 km SW of Palu, Turkey",earthquake,4.311959213401311,5.298684394681596,0.1684708994708995,19.70785935884178,reviewed,us,us, Turkey,"(38.636, 39.852)","Gümeçbağlar yolu, Palu, Elazığ, Doğu Anadolu Bölgesi, Türkiye",Elazığ,Light,1977,Shallow,0
1979-09-12 16:14:51.300000+00:00,38.662,39.803,10.0,5.0,mb,30.579625292740047,116.87532138024358,0.8673025404157043,0.7582616279069767,us,usp00012x3,2022-04-27T14:54:44.919Z,"8 km SW of Kovanc?lar, Turkey",earthquake,4.311959213401311,5.298684394681596,0.1684708994708995,19.70785935884178,reviewed,us,us, Turkey,"(38.662, 39.803)","Kovancılar, Elazığ, Doğu Anadolu Bölgesi, 23850, Türkiye",Elazığ,Moderate,1979,Shallow,1
1982-04-24 18:04:05.110000+00:00,38.36,39.577,10.0,4.5,mb,30.579625292740047,116.87532138024358,0.8673025404157043,1.1,us,usp0001kx1,2014-11-07T00:31:10.881Z,"18 km WNW of Ergani, Turkey",earthquake,4.311959213401311,5.298684394681596,0.1684708994708995,11.0,reviewed,us,us, Turkey,"(38.36, 39.577)","Çayır, Elazığ, Doğu Anadolu Bölgesi, Türkiye",Elazığ,Light,1982,Shallow,1
1983-03-10 05:02:17.200000+00:00,38.427,39.109,10.0,4.3,mb,30.579625292740047,116.87532138024358,0.8673025404157043,1.1,us,usp0001the,2014-11-07T00:32:47.773Z,"14 km NNE of Do?anyol, Turkey",earthquake,4.311959213401311,5.298684394681596,0.1684708994708995,6.0,reviewed,us,us, Turkey,"(38.427, 39.109)","Sivrice, Elazığ, Doğu Anadolu Bölgesi, Türkiye",Elazığ,Light,1983,Shallow,1
1985-06-14 03:20:18.580000+00:00,38.446,39.42,10.0,4.2,mb,30.579625292740047,116.87532138024358,0.8673025404157043,0.7,us,usp0002fu8,2014-11-07T00:36:43.793Z,"9 km E of Sivrice, Turkey",earthquake,4.311959213401311,5.298684394681596,0.1684708994708995,1.0,reviewed,us,us, Turkey,"(38.446, 39.42)","mezra, Sivrice, Elazığ, Doğu Anadolu Bölgesi, Türkiye",Elazığ,Light,1985,Shallow,1
1986-05-30 16:03:59.590000+00:00,38.349,39.116,10.0,3.9,mb,30.579625292740047,116.87532138024358,0.8673025404157043,0.5,us,usp0002uky,2014-11-07T00:38:26.706Z,"8 km ENE of Do?anyol, Turkey",earthquake,4.311959213401311,5.298684394681596,0.1684708994708995,1.0,reviewed,us,us, Turkey,"(38.349, 39.116)","Akseki, Elazığ, Doğu Anadolu Bölgesi, Türkiye",Elazığ,Light,1986,Shallow,1
1992-05-07 19:15:03.330000+00:00,38.698,40.143,18.3,5.2,mw,30.579625292740047,116.87532138024358,0.8673025404157043,1.3,us,usp000571g,2022-04-28T18:46:26.214Z,"15 km N of Ar?cak, Turkey",earthquake,4.311959213401311,5.298684394681596,0.1684708994708995,19.70785935884178,reviewed,us,hrv, Turkey,"(38.698, 40.143)","Güllüce, Palu, Elazığ, Doğu Anadolu Bölgesi, Türkiye",Elazığ,Moderate,1992,Shallow,1
1994-01-28 11:52:09.510000+00:00,38.719,38.688,16.8,4.4,mb,30.579625292740047,116.87532138024358,0.8673025404157043,1.3,us,usp00067ke,2014-11-07T00:54:51.060Z,"9 km SSW of Keban, Turkey",earthquake,4.311959213401311,7.2,0.1684708994708995,13.0,reviewed,us,us, Turkey,"(38.719, 38.688)","Gökbelen, Keban, Elazığ, Doğu Anadolu Bölgesi, Türkiye",Elazığ,Light,1994,Shallow,1
1996-02-07 12:27:06.060000+00:00,38.487,39.233,10.0,4.4,mb,30.579625292740047,116.87532138024358,0.8673025404157043,1.1,us,usp0007cgw,2014-11-07T00:59:51.484Z,"8 km NW of Sivrice, Turkey",earthquake,4.311959213401311,5.298684394681596,0.1684708994708995,19.0,reviewed,us,us, Turkey,"(38.487, 39.233)","Dedeyolu, Sivrice, Elazığ, Doğu Anadolu Bölgesi, Türkiye",Elazığ,Light,1996,Shallow,1
1996-02-07 22:13:30.030000+00:00,38.428,38.74,10.0,3.8,md,30.579625292740047,116.87532138024358,0.8673025404157043,1.4,us,usp0007chm,2014-11-07T00:59:51.642Z,"16 km SSW of Baskil, Turkey",earthquake,4.311959213401311,5.298684394681596,0.1684708994708995,19.70785935884178,reviewed,us,isk, Turkey,"(38.428, 38.74)","Pınarlı, Baskil, Elazığ, Doğu Anadolu Bölgesi, Türkiye",Elazığ,Minor,1996,Shallow,1
1998-12-20 03:21:14.720000+00:00,38.591,40.002,10.0,4.6,ms,30.579625292740047,116.87532138024358,0.8673025404157043,1.17,us,usp0008zwz,2014-11-07T01:06:40.876Z,"11 km WNW of Ar?cak, Turkey",earthquake,4.311959213401311,5.298684394681596,0.1684708994708995,1.0,reviewed,us,us, Turkey,"(38.591, 40.002)","Yarımtepe, Elazığ, Doğu Anadolu Bölgesi, Türkiye",Elazığ,Light,1998,Shallow,1
1999-01-02 02:57:18.700000+00:00,38.671,39.8,10.0,3.9,md,30.579625292740047,116.87532138024358,0.8673025404157043,0.7582616279069767,us,usp00090h7,2014-11-07T01:06:45.636Z,"7 km SW of Kovanc?lar, Turkey",earthquake,4.311959213401311,5.298684394681596,0.1684708994708995,19.70785935884178,reviewed,isk,isk, Turkey,"(38.671, 39.8)","Yeniköy, Elazığ, Doğu Anadolu Bölgesi, 23850, Türkiye",Elazığ,Light,1999,Shallow,1
1999-03-13 21:17:37.500000+00:00,38.439,39.239,10.0,4.0,md,30.579625292740047,116.87532138024358,0.8673025404157043,0.7582616279069767,us,usp00094f9,2014-11-07T01:07:13.591Z,"6 km W of Sivrice, Turkey",earthquake,4.311959213401311,5.298684394681596,0.1684708994708995,19.70785935884178,reviewed,isk,isk, Turkey,"(38.439, 39.239)","Sivrice, Elazığ, Doğu Anadolu Bölgesi, Türkiye",Elazığ,Light,1999,Shallow,1
1999-04-13 09:47:04.930000+00:00,38.353,39.146,33.0,4.4,mb,30.579625292740047,116.87532138024358,0.8673025404157043,1.17,us,usp000967c,2014-11-07T01:07:27.563Z,"10 km ENE of Do?anyol, Turkey",earthquake,4.311959213401311,5.298684394681596,0.1684708994708995,7.0,reviewed,us,us, Turkey,"(38.353, 39.146)","Sivrice, Elazığ, Doğu Anadolu Bölgesi, Türkiye",Elazığ,Light,1999,Shallow,0
1999-07-12 21:21:40.770000+00:00,39.057,40.051,3.6,3.8,md,30.579625292740047,116.87532138024358,0.8673025404157043,0.7582616279069767,us,usp0009bh8,2014-11-07T01:08:05.544Z,"11 km N of Karakoçan, Turkey",earthquake,4.311959213401311,5.298684394681596,0.1684708994708995,19.70785935884178,reviewed,isk,isk, Turkey,"(39.057, 40.051)","Karakoçan, Elazığ, Doğu Anadolu Bölgesi, Türkiye",Elazığ,Minor,1999,Shallow,1
1999-08-01 16:19:24.450000+00:00,38.732,39.935,10.0,3.6,md,30.579625292740047,116.87532138024358,0.8673025404157043,0.7582616279069767,us,usp0009cej,2014-11-07T01:08:12.413Z,"4 km NNE of Palu, Turkey",earthquake,4.311959213401311,5.298684394681596,0.1684708994708995,19.70785935884178,reviewed,isk,isk, Turkey,"(38.732, 39.935)","mezra, Kovancılar, Elazığ, Doğu Anadolu Bölgesi, Türkiye",Elazığ,Minor,1999,Shallow,1
1999-08-22 11:12:55.040000+00:00,39.175,40.214,10.0,4.5,mb,30.579625292740047,116.87532138024358,0.8673025404157043,1.28,us,usp0009dg3,2014-11-07T01:08:19.300Z,"13 km ESE of Yayladere, Turkey",earthquake,4.311959213401311,5.298684394681596,0.1684708994708995,21.0,reviewed,us,us, Turkey,"(39.175, 40.214)","Kuşbayırı, Elazığ, Doğu Anadolu Bölgesi, Türkiye",Elazığ,Light,1999,Shallow,1
1999-10-24 21:51:45.780000+00:00,39.077,40.252,11.8,3.6,md,30.579625292740047,116.87532138024358,0.8673025404157043,0.7582616279069767,us,usp0009gja,2014-11-07T01:08:46.090Z,"22 km SE of Yayladere, Turkey",earthquake,4.311959213401311,5.298684394681596,0.1684708994708995,19.70785935884178,reviewed,isk,isk, Turkey,"(39.077, 40.252)","Karakoçan, Elazığ, Doğu Anadolu Bölgesi, 23600, Türkiye",Elazığ,Minor,1999,Shallow,1
1999-10-25 10:07:40.220000+00:00,39.047,40.137,10.0,3.5,md,30.579625292740047,116.87532138024358,0.8673025404157043,0.7582616279069767,us,usp0009gjy,2014-11-07T01:08:46.197Z,"14 km NE of Karakoçan, Turkey",earthquake,4.311959213401311,5.298684394681596,0.1684708994708995,19.70785935884178,reviewed,isk,isk, Turkey,"(39.047, 40.137)","Yücekonak, Elazığ, Doğu Anadolu Bölgesi, Türkiye",Elazığ,Minor,1999,Shallow,1
2000-01-02 20:28:35.560000+00:00,38.531,38.857,5.1,3.6,mb,30.579625292740047,116.87532138024358,0.8673025404157043,0.7582616279069767,us,usp0009kpa,2014-11-07T01:09:16.702Z,"5 km SE of Baskil, Turkey",earthquake,4.311959213401311,5.298684394681596,0.1684708994708995,1.0,reviewed,isk,us, Turkey,"(38.531, 38.857)","Meydancık, Elazığ, Doğu Anadolu Bölgesi, Türkiye",Elazığ,Minor,2000,Shallow,1
2001-02-25 11:25:36.800000+00:00,38.565,39.249,10.0,3.3,md,5.0,116.87532138024358,0.8673025404157043,0.7582616279069767,us,usp000aab9,2014-11-07T01:12:11.866Z,"12 km S of Elaz??, Turkey",earthquake,4.311959213401311,5.298684394681596,0.1684708994708995,19.70785935884178,reviewed,isk,isk, Turkey,"(38.565, 39.249)","Kuyulu, Elâzığ Merkez, Elazığ, Doğu Anadolu Bölgesi, Türkiye",Elazığ,Minor,2001,Shallow,1
2001-09-02 21:42:29.310000+00:00,38.6,39.841,33.0,4.3,mb,65.0,116.87532138024358,0.8673025404157043,0.94,us,usp000anh5,2014-11-07T01:13:43.813Z,"12 km SW of Palu, Turkey",earthquake,4.311959213401311,5.298684394681596,0.1684708994708995,27.0,reviewed,us,us, Turkey,"(38.6, 39.841)","Karasalkım, Elazığ, Doğu Anadolu Bölgesi, Türkiye",Elazığ,Light,2001,Shallow,0
2004-01-06 10:39:11.680000+00:00,38.341,38.964,5.7,4.7,mb,166.0,69.1,0.8673025404157043,0.7582616279069767,us,usp000ch9c,2014-11-07T01:20:59.711Z,"7 km WNW of Do?anyol, Turkey",earthquake,4.311959213401311,5.298684394681596,0.1684708994708995,43.0,reviewed,isk,us, Turkey,"(38.341, 38.964)","Topaluşağı, Sivrice, Elazığ, Doğu Anadolu Bölgesi, Türkiye",Elazığ,Light,2004,Shallow,1
2004-02-10 23:27:11.900000+00:00,38.735,39.824,10.0,3.8,md,6.0,90.8,0.8673025404157043,0.7582616279069767,us,usp000ckxg,2014-11-07T01:21:20.168Z,"3 km WNW of Kovanc?lar, Turkey",earthquake,4.311959213401311,5.298684394681596,0.1684708994708995,19.70785935884178,reviewed,isk,isk, Turkey,"(38.735, 39.824)","Sürekli, Kovancılar, Elazığ, Doğu Anadolu Bölgesi, Türkiye",Elazığ,Minor,2004,Shallow,1
2004-02-20 08:19:38.700000+00:00,38.69,39.787,10.0,3.6,md,8.0,85.2,0.8673025404157043,0.7582616279069767,us,usp000cmng,2014-11-07T01:21:23.624Z,"7 km WSW of Kovanc?lar, Turkey",earthquake,4.311959213401311,5.298684394681596,0.1684708994708995,19.70785935884178,reviewed,isk,isk, Turkey,"(38.69, 39.787)","Akmezra, Kovancılar, Elazığ, Doğu Anadolu Bölgesi, Türkiye",Elazığ,Minor,2004,Shallow,1
2004-02-24 08:51:13.200000+00:00,38.558,39.55,10.0,3.2,md,4.0,114.7,0.8673025404157043,0.7582616279069767,us,usp000cn12,2014-11-07T01:21:26.786Z,"24 km ENE of Sivrice, Turkey",earthquake,4.311959213401311,5.298684394681596,0.1684708994708995,19.70785935884178,reviewed,isk,isk, Turkey,"(38.558, 39.55)","Yeşilova, Maden, Elazığ, Doğu Anadolu Bölgesi, Türkiye",Elazığ,Minor,2004,Shallow,1
2004-02-27 03:11:01.600000+00:00,38.711,39.602,5.0,3.1,md,4.0,109.2,0.8673025404157043,0.7582616279069767,us,usp000cnf8,2014-11-07T01:21:31.093Z,"22 km W of Kovanc?lar, Turkey",earthquake,4.311959213401311,5.298684394681596,0.1684708994708995,19.70785935884178,reviewed,isk,isk, Turkey,"(38.711, 39.602)","Kaçar, Kovancılar, Elazığ, Doğu Anadolu Bölgesi, Türkiye",Elazığ,Minor,2004,Shallow,1
2004-02-28 03:51:33.700000+00:00,38.749,40.149,5.0,3.2,md,4.0,111.5,0.8673025404157043,0.7582616279069767,us,usp000cnkc,2014-11-07T01:21:31.672Z,"20 km N of Ar?cak, Turkey",earthquake,4.311959213401311,5.298684394681596,0.1684708994708995,19.70785935884178,reviewed,isk,isk, Turkey,"(38.749, 40.149)","Beyhan, Palu, Elazığ, Doğu Anadolu Bölgesi, Türkiye",Elazığ,Minor,2004,Shallow,1
2004-06-12 13:37:54.360000+00:00,38.663,39.826,10.0,4.6,mb,136.0,76.4,0.8673025404157043,1.18,us,usp000cxs8,2014-11-07T01:22:37.149Z,"6 km SSW of Kovanc?lar, Turkey",earthquake,4.311959213401311,5.298684394681596,0.1684708994708995,38.0,reviewed,us,us, Turkey,"(38.663, 39.826)","Adalı, Kovancılar, Elazığ, Doğu Anadolu Bölgesi, Türkiye",Elazığ,Light,2004,Shallow,1
2004-08-11 15:48:26.820000+00:00,38.377,39.261,7.4,5.7,mwc,487.0,58.0,0.8673025404157043,1.1,us,usp000d1yj,2022-05-02T17:22:37.538Z,"8 km SSW of Sivrice, Turkey",earthquake,4.311959213401311,4.9,0.1684708994708995,19.70785935884178,reviewed,us,hrv, Turkey,"(38.377, 39.261)","Yukarı Çanakçı, Sivrice, Elazığ, Doğu Anadolu Bölgesi, Türkiye",Elazığ,Moderate,2004,Shallow,1
2004-08-12 17:13:08.980000+00:00,38.41,39.174,17.2,3.9,mb,11.0,141.4,0.8673025404157043,0.88,us,usp000d20t,2014-11-07T01:23:12.159Z,"12 km WSW of Sivrice, Turkey",earthquake,4.311959213401311,49.6,0.1684708994708995,3.0,reviewed,us,us, Turkey,"(38.41, 39.174)","Sivrice, Elazığ, Doğu Anadolu Bölgesi, Türkiye",Elazığ,Light,2004,Shallow,1
2004-08-13 20:35:05.550000+00:00,38.383,39.151,5.0,4.4,mb,91.0,63.5,0.8673025404157043,0.7582616279069767,us,usp000d239,2014-11-07T01:23:12.383Z,"13 km NE of Do?anyol, Turkey",earthquake,4.311959213401311,5.298684394681596,0.1684708994708995,35.0,reviewed,isk,us, Turkey,"(38.383, 39.151)","Uslu, Sivrice, Elazığ, Doğu Anadolu Bölgesi, Türkiye",Elazığ,Light,2004,Shallow,1
2004-08-14 00:20:25.180000+00:00,38.417,39.216,5.0,4.5,mb,104.0,74.8,0.8673025404157043,0.7582616279069767,us,usp000d23q,2014-11-07T01:23:12.420Z,"8 km WSW of Sivrice, Turkey",earthquake,4.311959213401311,5.298684394681596,0.1684708994708995,23.0,reviewed,isk,us, Turkey,"(38.417, 39.216)","Sivrice - Gözeli yolu, Yedipınar, Sivrice, Elazığ, Doğu Anadolu Bölgesi, Türkiye",Elazığ,Light,2004,Shallow,1
2004-08-14 20:42:19.720000+00:00,38.459,39.257,16.0,4.5,mb,112.0,53.8,0.8673025404157043,1.14,us,usp000d25p,2014-11-07T01:23:12.823Z,"4 km WNW of Sivrice, Turkey",earthquake,4.311959213401311,8.7,0.1684708994708995,44.0,reviewed,us,us, Turkey,"(38.459, 39.257)","Alıncık, Sivrice, Elazığ, Doğu Anadolu Bölgesi, Türkiye",Elazığ,Light,2004,Shallow,1
2004-08-14 21:01:36.490000+00:00,38.444,39.08,25.0,4.2,mb,18.0,103.3,0.8673025404157043,1.6,us,usp000d25q,2014-11-07T01:23:12.834Z,"15 km NNE of Do?anyol, Turkey",earthquake,4.311959213401311,0.0,0.1684708994708995,9.0,reviewed,us,us, Turkey,"(38.444, 39.08)","Gözeli yolu, Öksüzuşağı, Elâzığ Merkez, Elazığ, Doğu Anadolu Bölgesi, Türkiye",Elazığ,Light,2004,Shallow,0
2004-08-16 13:13:33.440000+00:00,38.419,39.114,5.0,3.8,m,10.0,110.6,0.8673025404157043,0.7582616279069767,us,usp000d297,2014-11-07T01:23:13.366Z,"14 km NNE of Do?anyol, Turkey",earthquake,4.311959213401311,5.298684394681596,0.1684708994708995,19.70785935884178,reviewed,isk,isk, Turkey,"(38.419, 39.114)","Kamışlık, Sivrice, Elazığ, Doğu Anadolu Bölgesi, Türkiye",Elazığ,Minor,2004,Shallow,1
2004-10-25 19:41:22.650000+00:00,38.609,39.663,5.0,3.7,ml,18.0,58.8,0.8673025404157043,0.7582616279069767,us,usp000d72e,2014-11-07T01:23:49.140Z,"21 km SW of Kovanc?lar, Turkey",earthquake,4.311959213401311,5.298684394681596,0.1684708994708995,19.70785935884178,reviewed,isk,isk, Turkey,"(38.609, 39.663)","Kumla, Elâzığ Merkez, Elazığ, Doğu Anadolu Bölgesi, Türkiye",Elazığ,Minor,2004,Shallow,1
2004-11-13 23:30:32.340000+00:00,38.421,39.086,5.0,3.2,md,8.0,110.7,0.8673025404157043,0.7582616279069767,us,usp000d8d6,2014-11-07T01:24:00.288Z,"13 km NNE of Do?anyol, Turkey",earthquake,4.311959213401311,5.298684394681596,0.1684708994708995,19.70785935884178,reviewed,isk,isk, Turkey,"(38.421, 39.086)","Sivrice, Elazığ, Doğu Anadolu Bölgesi, Türkiye",Elazığ,Minor,2004,Shallow,1
2004-11-14 00:46:51.150000+00:00,38.43,39.098,5.0,3.2,md,5.0,169.9,0.8673025404157043,0.7582616279069767,us,usp000d8da,2014-11-07T01:24:00.294Z,"14 km NNE of Do?anyol, Turkey",earthquake,4.311959213401311,5.298684394681596,0.1684708994708995,19.70785935884178,reviewed,isk,isk, Turkey,"(38.43, 39.098)","Sivrice - Gözeli yolu, Kamışlık, Sivrice, Elazığ, Doğu Anadolu Bölgesi, Türkiye",Elazığ,Minor,2004,Shallow,1
2005-02-13 09:08:50.970000+00:00,38.764,39.02,5.4,3.2,md,8.0,138.5,0.8673025404157043,0.7582616279069767,us,usp000dg1e,2014-11-07T01:24:59.218Z,"20 km WNW of Elaz??, Turkey",earthquake,4.311959213401311,5.298684394681596,0.1684708994708995,19.70785935884178,reviewed,isk,isk, Turkey,"(38.764, 39.02)","Çöteli, Elâzığ Merkez, Elazığ, Doğu Anadolu Bölgesi, Türkiye",Elazığ,Minor,2005,Shallow,1
2005-02-13 11:37:11.500000+00:00,38.878,39.006,29.4,3.2,md,6.0,153.1,0.8673025404157043,0.7582616279069767,us,usp000dg1q,2014-11-07T01:24:59.242Z,"25 km ENE of Keban, Turkey",earthquake,4.311959213401311,5.298684394681596,0.1684708994708995,19.70785935884178,reviewed,isk,isk, Turkey,"(38.878, 39.006)","Dambüyük, Elâzığ Merkez, Elazığ, Doğu Anadolu Bölgesi, Türkiye",Elazığ,Minor,2005,Shallow,0
2005-03-09 10:55:36.740000+00:00,38.696,39.932,8.0,3.5,md,6.0,96.4,0.8673025404157043,0.7582616279069767,us,usp000dhvc,2014-11-07T01:25:12.826Z,"1 km ENE of Palu, Turkey",earthquake,4.311959213401311,5.298684394681596,0.1684708994708995,19.70785935884178,reviewed,isk,isk, Turkey,"(38.696, 39.932)","Palu, Elazığ, Doğu Anadolu Bölgesi, Türkiye",Elazığ,Minor,2005,Shallow,1
2005-07-05 19:57:23+00:00,38.44,39.402,5.0,3.6,md,10.0,86.0,0.8673025404157043,0.7582616279069767,us,usp000dukv,2014-11-07T01:26:26.049Z,"8 km E of Sivrice, Turkey",earthquake,4.311959213401311,5.298684394681596,0.1684708994708995,19.70785935884178,reviewed,isk,isk, Turkey,"(38.44, 39.402)","Elbistan, Sivrice, Elazığ, Doğu Anadolu Bölgesi, Türkiye",Elazığ,Minor,2005,Shallow,1
2005-10-18 07:17:04+00:00,38.781,38.985,5.0,4.5,mb,9.0,212.4,0.8673025404157043,0.7582616279069767,us,usp000e24j,2014-11-07T01:27:26.162Z,"21 km E of Keban, Turkey",earthquake,4.311959213401311,5.298684394681596,0.1684708994708995,3.0,reviewed,isk,us, Turkey,"(38.781, 38.985)","Hıdırbaba, Elâzığ Merkez, Elazığ, Doğu Anadolu Bölgesi, Türkiye",Elazığ,Light,2005,Shallow,1
2005-12-26 01:54:55.200000+00:00,38.473,38.653,30.0,3.2,md,5.0,183.2,0.8673025404157043,0.7582616279069767,us,usp000e6wu,2014-11-07T01:27:57.055Z,"17 km SW of Baskil, Turkey",earthquake,4.311959213401311,5.298684394681596,0.1684708994708995,19.70785935884178,reviewed,isk,isk, Turkey,"(38.473, 38.653)","Alangören, Elazığ, Doğu Anadolu Bölgesi, Türkiye",Elazığ,Minor,2005,Shallow,0
2005-12-27 20:54:00.500000+00:00,38.505,38.934,24.0,2.9,md,4.0,156.6,0.8673025404157043,0.7582616279069767,us,usp000e71z,2014-11-07T01:27:57.616Z,"12 km SE of Baskil, Turkey",earthquake,4.311959213401311,5.298684394681596,0.1684708994708995,19.70785935884178,reviewed,isk,isk, Turkey,"(38.505, 38.934)","Baskil, Elâzığ Merkez, Elazığ, Doğu Anadolu Bölgesi, Türkiye",Elazığ,Minor,2005,Shallow,0
2005-12-27 21:07:43.300000+00:00,38.43,39.018,5.0,3.2,md,7.0,86.6,0.8673025404157043,0.7582616279069767,us,usp000e721,2014-11-07T01:27:57.621Z,"13 km N of Do?anyol, Turkey",earthquake,4.311959213401311,5.298684394681596,0.1684708994708995,19.70785935884178,reviewed,isk,isk, Turkey,"(38.43, 39.018)","Sivrice, Elazığ, Doğu Anadolu Bölgesi, Türkiye",Elazığ,Minor,2005,Shallow,1
2005-12-27 21:49:23.200000+00:00,38.646,39.64,23.0,2.9,md,4.0,246.7,0.8673025404157043,0.7582616279069767,us,usp000e726,2014-11-07T01:27:57.637Z,"20 km WSW of Kovanc?lar, Turkey",earthquake,4.311959213401311,5.298684394681596,0.1684708994708995,19.70785935884178,reviewed,isk,isk, Turkey,"(38.646, 39.64)","Konakalmaz, Elâzığ Merkez, Elazığ, Doğu Anadolu Bölgesi, Türkiye",Elazığ,Minor,2005,Shallow,0
2005-12-28 14:07:59.300000+00:00,38.519,39.309,5.0,4.1,mb,45.0,69.4,0.8673025404157043,0.7582616279069767,us,usp000e73m,2014-11-07T01:27:57.835Z,"8 km N of Sivrice, Turkey",earthquake,4.311959213401311,5.298684394681596,0.1684708994708995,3.0,reviewed,isk,us, Turkey,"(38.519, 39.309)","Acıpayam, Elâzığ Merkez, Elazığ, Doğu Anadolu Bölgesi, Türkiye",Elazığ,Light,2005,Shallow,1
2005-12-28 22:43:27.800000+00:00,38.701,39.918,8.0,2.9,md,6.0,123.2,0.8673025404157043,0.7582616279069767,us,usp000e74e,2014-11-07T01:27:57.933Z,"1 km N of Palu, Turkey",earthquake,4.311959213401311,5.298684394681596,0.1684708994708995,19.70785935884178,reviewed,isk,isk, Turkey,"(38.701, 39.918)","Yukarı Palu, Palu, Elazığ, Doğu Anadolu Bölgesi, Türkiye",Elazığ,Minor,2005,Shallow,1
2005-12-31 13:40:19.200000+00:00,38.509,39.319,14.0,3.2,md,8.0,84.0,0.8673025404157043,0.7582616279069767,us,usp000e79h,2014-11-07T01:27:58.521Z,"7 km N of Sivrice, Turkey",earthquake,4.311959213401311,5.298684394681596,0.1684708994708995,19.70785935884178,reviewed,isk,isk, Turkey,"(38.509, 39.319)","Sivrice, Elâzığ Merkez, Elazığ, Doğu Anadolu Bölgesi, Türkiye",Elazığ,Minor,2005,Shallow,1
2005-12-31 14:02:38.900000+00:00,38.51,39.273,5.0,3.5,md,8.0,82.0,0.8673025404157043,0.7582616279069767,us,usp000e79k,2014-11-07T01:27:58.528Z,"8 km NNW of Sivrice, Turkey",earthquake,4.311959213401311,5.298684394681596,0.1684708994708995,19.70785935884178,reviewed,isk,isk, Turkey,"(38.51, 39.273)","Bekçitepe, Elazığ, Doğu Anadolu Bölgesi, Türkiye",Elazığ,Minor,2005,Shallow,1
2005-12-31 17:22:05.500000+00:00,38.485,39.315,5.0,3.4,md,8.0,83.2,0.8673025404157043,0.7582616279069767,us,usp000e79y,2014-11-07T01:27:58.555Z,"4 km N of Sivrice, Turkey",earthquake,4.311959213401311,5.298684394681596,0.1684708994708995,19.70785935884178,reviewed,isk,isk, Turkey,"(38.485, 39.315)","Sivrice, Elazığ, Doğu Anadolu Bölgesi, Türkiye",Elazığ,Minor,2005,Shallow,1
2005-12-31 17:29:06.200000+00:00,38.549,39.284,26.0,2.9,md,5.0,121.8,0.8673025404157043,0.7582616279069767,us,usp000e79z,2014-11-07T01:27:58.556Z,"12 km N of Sivrice, Turkey",earthquake,4.311959213401311,5.298684394681596,0.1684708994708995,19.70785935884178,reviewed,isk,isk, Turkey,"(38.549, 39.284)","Yedigöze, Elâzığ Merkez, Elazığ, Doğu Anadolu Bölgesi, Türkiye",Elazığ,Minor,2005,Shallow,0
2005-12-31 17:36:47.800000+00:00,38.476,39.29,14.0,3.4,md,8.0,81.8,0.8673025404157043,0.7582616279069767,us,usp000e7a1,2014-11-07T01:27:58.559Z,"4 km NNW of Sivrice, Turkey",earthquake,4.311959213401311,5.298684394681596,0.1684708994708995,19.70785935884178,reviewed,isk,isk, Turkey,"(38.476, 39.29)","Sivrice, Elazığ, Doğu Anadolu Bölgesi, Türkiye",Elazığ,Minor,2005,Shallow,1
2006-01-03 05:45:10.100000+00:00,38.492,39.277,11.4,2.8,md,5.0,186.4,0.8673025404157043,0.7582616279069767,us,usp000e7g3,2014-11-07T01:28:03.006Z,"6 km NNW of Sivrice, Turkey",earthquake,4.311959213401311,5.298684394681596,0.1684708994708995,19.70785935884178,reviewed,isk,isk, Turkey,"(38.492, 39.277)","Sivrice, Elazığ, Doğu Anadolu Bölgesi, Türkiye",Elazığ,Very Minor,2006,Shallow,1
2006-04-12 11:14:05.550000+00:00,38.581,38.863,4.9,3.8,ml,14.0,68.5,0.8673025404157043,0.7582616279069767,us,usp000ee9n,2014-11-07T01:28:47.373Z,"4 km ENE of Baskil, Turkey",earthquake,4.311959213401311,5.298684394681596,0.1684708994708995,19.70785935884178,reviewed,isk,isk, Turkey,"(38.581, 38.863)","Elazığ Baskil Yolu, Ataşehir Mahallesi, Sütlüce, Elâzığ Merkez, Elazığ, Doğu Anadolu Bölgesi, 23150, Türkiye",Elazığ,Minor,2006,Shallow,1
2006-06-05 11:21:10.370000+00:00,38.615,40.116,31.7,3.2,md,7.0,139.5,0.8673025404157043,0.7582616279069767,us,usp000ejrs,2014-11-07T01:29:19.613Z,"5 km N of Ar?cak, Turkey",earthquake,4.311959213401311,5.298684394681596,0.1684708994708995,19.70785935884178,reviewed,isk,isk, Turkey,"(38.615, 40.116)","Arıcak, Elazığ, Doğu Anadolu Bölgesi, Türkiye",Elazığ,Minor,2006,Shallow,0
2006-08-10 05:45:17+00:00,38.406,39.356,10.4,4.0,mb,17.0,132.9,0.8673025404157043,0.7582616279069767,us,usp000eqmt,2014-11-07T01:29:56.483Z,"5 km SE of Sivrice, Turkey",earthquake,4.311959213401311,5.298684394681596,0.1684708994708995,2.0,reviewed,isk,us, Turkey,"(38.406, 39.356)","Başkaynak, Elazığ, Doğu Anadolu Bölgesi, Türkiye",Elazığ,Light,2006,Shallow,1
2006-12-25 02:22:25+00:00,38.608,39.565,5.0,3.9,ml,32.0,55.9,0.8673025404157043,0.7582616279069767,us,usp000f0xz,2014-11-07T01:31:11.294Z,"28 km WSW of Kovanc?lar, Turkey",earthquake,4.311959213401311,5.298684394681596,0.1684708994708995,19.70785935884178,reviewed,isk,isk, Turkey,"(38.608, 39.565)","İçme, Elâzığ Merkez, Elazığ, Doğu Anadolu Bölgesi, Türkiye",Elazığ,Light,2006,Shallow,1
2007-02-09 02:22:55+00:00,38.39,39.043,2.6,5.5,mwc,347.0,64.2,0.8673025404157043,0.7582616279069767,us,usp000f4hn,2022-05-02T19:54:28.711Z,"9 km N of Do?anyol, Turkey",earthquake,4.311959213401311,5.298684394681596,0.1684708994708995,19.70785935884178,reviewed,isk,gcmt, Turkey,"(38.39, 39.043)","Sivrice, Elazığ, Doğu Anadolu Bölgesi, Türkiye",Elazığ,Moderate,2007,Shallow,1
2007-02-10 14:09:19.020000+00:00,38.378,39.182,5.6,2.8,md,6.0,102.3,0.8673025404157043,0.7582616279069767,us,usp000f4mm,2014-11-07T01:31:36.329Z,"13 km WSW of Sivrice, Turkey",earthquake,4.311959213401311,5.298684394681596,0.1684708994708995,19.70785935884178,reviewed,isk,isk, Turkey,"(38.378, 39.182)","Sivrice, Elazığ, Doğu Anadolu Bölgesi, Türkiye",Elazığ,Very Minor,2007,Shallow,1
2007-02-11 03:43:00+00:00,38.405,39.119,2.3,4.1,mb,26.0,127.2,0.8673025404157043,0.7582616279069767,us,usp000f4ne,2014-11-07T01:31:36.432Z,"13 km NE of Do?anyol, Turkey",earthquake,4.311959213401311,5.298684394681596,0.1684708994708995,5.0,reviewed,isk,us, Turkey,"(38.405, 39.119)","Kamışlık, Elazığ, Doğu Anadolu Bölgesi, Türkiye",Elazığ,Light,2007,Shallow,1
2007-02-22 10:28:45.880000+00:00,38.39,39.06,6.9,3.0,md,8.0,73.5,0.8673025404157043,0.7582616279069767,us,usp000f5d1,2014-11-07T01:31:40.850Z,"9 km NNE of Do?anyol, Turkey",earthquake,4.311959213401311,5.298684394681596,0.1684708994708995,19.70785935884178,reviewed,isk,isk, Turkey,"(38.39, 39.06)","Kalaba, Elazığ, Doğu Anadolu Bölgesi, Türkiye",Elazığ,Minor,2007,Shallow,1
2007-02-25 13:24:52.820000+00:00,38.41,39.229,5.7,3.0,md,11.0,75.7,0.8673025404157043,0.7582616279069767,us,usp000f5m0,2014-11-07T01:31:42.147Z,"7 km WSW of Sivrice, Turkey",earthquake,4.311959213401311,5.298684394681596,0.1684708994708995,19.70785935884178,reviewed,isk,isk, Turkey,"(38.41, 39.229)","Dörtbölük, Elazığ, Doğu Anadolu Bölgesi, Türkiye",Elazığ,Minor,2007,Shallow,1
2007-02-25 15:14:34.990000+00:00,38.47,39.021,10.0,3.5,ml,7.0,135.0,0.8673025404157043,1.39,us,usp000f5m7,2014-11-07T01:31:42.193Z,"18 km N of Do?anyol, Turkey",earthquake,4.311959213401311,5.298684394681596,0.1684708994708995,19.70785935884178,reviewed,us,isk, Turkey,"(38.47, 39.021)","Ortaçalı, Elâzığ Merkez, Elazığ, Doğu Anadolu Bölgesi, Türkiye",Elazığ,Minor,2007,Shallow,1
2007-02-28 20:08:10+00:00,38.316,39.214,7.0,3.9,ml,7.0,137.0,0.8673025404157043,0.7582616279069767,us,usp000f5v0,2014-11-07T01:31:43.281Z,"13 km NNW of Çüngü?, Turkey",earthquake,4.311959213401311,5.298684394681596,0.1684708994708995,19.70785935884178,reviewed,isk,isk, Turkey,"(38.316, 39.214)","Sivrice, Elazığ, Doğu Anadolu Bölgesi, Türkiye",Elazığ,Light,2007,Shallow,1
2007-02-28 23:27:45.700000+00:00,38.4,39.2,5.0,4.7,mb,121.0,71.5,0.8673025404157043,0.7582616279069767,us,usp000f5vb,2014-11-07T01:31:43.349Z,"10 km WSW of Sivrice, Turkey",earthquake,4.311959213401311,5.298684394681596,0.1684708994708995,35.0,reviewed,isk,us, Turkey,"(38.4, 39.2)","Sivrice, Elazığ, Doğu Anadolu Bölgesi, Türkiye",Elazığ,Light,2007,Shallow,1
2007-03-01 10:02:39.830000+00:00,38.369,39.258,5.0,3.3,md,12.0,79.1,0.8673025404157043,0.7582616279069767,us,usp000f5w9,2014-11-07T01:31:46.615Z,eastern Turkey,earthquake,4.311959213401311,5.298684394681596,0.1684708994708995,19.70785935884178,reviewed,isk,isk,,"(38.369, 39.258)","Sivrice, Elazığ, Doğu Anadolu Bölgesi, Türkiye",Elazığ,Minor,2007,Shallow,1
2007-03-01 10:15:23.680000+00:00,38.404,39.219,5.0,3.2,md,12.0,76.0,0.8673025404157043,0.7582616279069767,us,usp000f5wc,2014-11-07T01:31:46.653Z,"9 km WSW of Sivrice, Turkey",earthquake,4.311959213401311,5.298684394681596,0.1684708994708995,19.70785935884178,reviewed,isk,isk, Turkey,"(38.404, 39.219)","Sivrice, Elazığ, Doğu Anadolu Bölgesi, Türkiye",Elazığ,Minor,2007,Shallow,1
2007-03-05 12:50:38.980000+00:00,38.416,39.26,7.6,3.2,md,10.0,75.8,0.8673025404157043,0.7582616279069767,us,usp000f64g,2014-11-07T01:31:48.919Z,"5 km SW of Sivrice, Turkey",earthquake,4.311959213401311,5.298684394681596,0.1684708994708995,19.70785935884178,reviewed,isk,isk, Turkey,"(38.416, 39.26)","Sivrice, Elazığ, Doğu Anadolu Bölgesi, Türkiye",Elazığ,Minor,2007,Shallow,1
2007-03-15 11:00:01.760000+00:00,38.399,39.09,13.9,2.7,md,4.0,167.1,0.8673025404157043,0.7582616279069767,us,usp000f6rt,2014-11-07T01:31:52.721Z,"11 km NNE of Do?anyol, Turkey",earthquake,4.311959213401311,5.298684394681596,0.1684708994708995,19.70785935884178,reviewed,isk,isk, Turkey,"(38.399, 39.09)","Kalaba, Elazığ, Doğu Anadolu Bölgesi, Türkiye",Elazığ,Very Minor,2007,Shallow,1
2007-04-22 20:08:34.600000+00:00,38.371,39.173,5.0,3.1,md,9.0,77.4,0.8673025404157043,0.7582616279069767,us,usp000fac1,2014-11-07T01:32:15.349Z,"14 km ENE of Do?anyol, Turkey",earthquake,4.311959213401311,5.298684394681596,0.1684708994708995,19.70785935884178,reviewed,isk,isk, Turkey,"(38.371, 39.173)","Uslu yolu, Uslu, Sivrice, Elazığ, Doğu Anadolu Bölgesi, Türkiye",Elazığ,Minor,2007,Shallow,1
2007-10-15 08:25:31.260000+00:00,38.392,39.202,5.0,3.2,ml,9.0,181.2,0.8673025404157043,0.7582616279069767,us,usp000fqkc,2014-11-07T01:33:56.094Z,"10 km WSW of Sivrice, Turkey",earthquake,4.311959213401311,5.298684394681596,0.1684708994708995,19.70785935884178,reviewed,isk,isk, Turkey,"(38.392, 39.202)","Dörtbölük, Sivrice, Elazığ, Doğu Anadolu Bölgesi, Türkiye",Elazığ,Minor,2007,Shallow,1
2010-03-08 02:32:34.710000+00:00,38.864,39.986,12.0,6.1,mwc,379.0,22.0,0.8673025404157043,0.76,us,usp000h8x1,2022-07-16T05:39:41.488Z,"10 km SSW of Karakoçan, Turkey",earthquake,4.311959213401311,5.298684394681596,0.1684708994708995,19.70785935884178,reviewed,us,us, Turkey,"(38.864, 39.986)","Aşağı Ovacık, Karakoçan, Elazığ, Doğu Anadolu Bölgesi, Türkiye",Elazığ,Strong,2010,Shallow,1
2010-03-08 03:20:24.940000+00:00,38.87,40.232,5.0,4.4,mb,19.0,87.0,0.8673025404157043,0.7582616279069767,us,usp000h8x3,2014-11-07T01:40:57.214Z,"19 km ESE of Karakoçan, Turkey",earthquake,4.311959213401311,5.298684394681596,0.1684708994708995,5.0,reviewed,isk,us, Turkey,"(38.87, 40.232)","Kayalık, Kovancılar, Elazığ, Doğu Anadolu Bölgesi, Türkiye",Elazığ,Light,2010,Shallow,1
2010-03-08 07:47:41.960000+00:00,38.709,40.051,10.0,5.6,mwc,250.0,28.1,0.8673025404157043,1.08,us,usp000h8xh,2022-05-02T21:43:39.850Z,"11 km E of Palu, Turkey",earthquake,4.311959213401311,5.298684394681596,0.1684708994708995,19.70785935884178,reviewed,us,gcmt, Turkey,"(38.709, 40.051)","Damlapınar, Palu, Elazığ, Doğu Anadolu Bölgesi, Türkiye",Elazığ,Moderate,2010,Shallow,1
2010-03-08 08:11:21+00:00,38.736,40.076,5.1,4.6,mb,36.0,62.5,0.8673025404157043,0.7582616279069767,us,usp000h8xn,2014-11-07T01:40:57.323Z,"14 km ENE of Palu, Turkey",earthquake,4.311959213401311,5.298684394681596,0.1684708994708995,4.0,reviewed,isk,us, Turkey,"(38.736, 40.076)","Palu - Beyhanı yolu, Palu, Elazığ, Doğu Anadolu Bölgesi, Türkiye",Elazığ,Light,2010,Shallow,1
2010-03-08 09:00:46.400000+00:00,38.761,40.062,5.0,4.9,mwc,83.0,52.3,0.8673025404157043,0.7582616279069767,us,usp000h8xr,2016-11-10T02:25:23.556Z,"14 km ENE of Palu, Turkey",earthquake,4.311959213401311,5.298684394681596,0.1684708994708995,19.70785935884178,reviewed,isk,gcmt, Turkey,"(38.761, 40.062)","Palu, Elazığ, Doğu Anadolu Bölgesi, Türkiye",Elazığ,Moderate,2010,Shallow,1
2010-03-08 10:14:23.480000+00:00,38.828,40.119,5.0,5.2,mb,136.0,26.1,0.8673025404157043,0.7582616279069767,us,usp000h8xy,2014-11-07T01:40:57.415Z,"15 km SSE of Karakoçan, Turkey",earthquake,4.311959213401311,5.298684394681596,0.1684708994708995,63.0,reviewed,isk,us, Turkey,"(38.828, 40.119)","İsaağa Mezraası, Kovancılar, Elazığ, Doğu Anadolu Bölgesi, Türkiye",Elazığ,Moderate,2010,Shallow,1
2010-03-08 11:12:10.790000+00:00,38.776,40.143,5.0,5.1,mwc,150.0,26.2,0.8673025404157043,0.7582616279069767,us,usp000h8y1,2022-07-16T05:46:04.944Z,"21 km ENE of Palu, Turkey",earthquake,4.311959213401311,5.298684394681596,0.1684708994708995,19.70785935884178,reviewed,isk,gcmt, Turkey,"(38.776, 40.143)","Köklüce, Palu, Elazığ, Doğu Anadolu Bölgesi, Türkiye",Elazığ,Moderate,2010,Shallow,1
2010-03-08 15:04:54.010000+00:00,38.677,40.05,10.0,4.9,mwc,62.0,65.1,0.8673025404157043,1.27,us,usp000h8yh,2016-11-10T02:25:25.579Z,"11 km E of Palu, Turkey",earthquake,4.311959213401311,5.298684394681596,0.1684708994708995,19.70785935884178,reviewed,us,gcmt, Turkey,"(38.677, 40.05)","Andılar, Palu, Elazığ, Doğu Anadolu Bölgesi, Türkiye",Elazığ,Moderate,2010,Shallow,1
2010-03-09 06:14:57+00:00,38.741,40.136,5.0,4.1,mb,10.0,85.8,0.8673025404157043,0.7582616279069767,us,usp000h900,2014-11-07T01:40:57.794Z,"19 km ENE of Palu, Turkey",earthquake,4.311959213401311,5.298684394681596,0.1684708994708995,1.0,reviewed,isk,us, Turkey,"(38.741, 40.136)","Beyhan, Palu, Elazığ, Doğu Anadolu Bölgesi, Türkiye",Elazığ,Light,2010,Shallow,1
2010-03-24 14:11:31+00:00,38.821,40.138,4.5,5.1,mwc,161.0,41.8,0.8673025404157043,0.7582616279069767,us,usp000h9xv,2022-07-16T08:47:27.559Z,"17 km SSE of Karakoçan, Turkey",earthquake,4.311959213401311,5.298684394681596,0.1684708994708995,19.70785935884178,reviewed,isk,gcmt, Turkey,"(38.821, 40.138)","İsaağa Mezraası, Kovancılar, Elazığ, Doğu Anadolu Bölgesi, Türkiye",Elazığ,Moderate,2010,Shallow,1
2011-06-23 07:34:42.740000+00:00,38.578,39.64,6.1,5.2,mwr,191.0,42.2,0.8673025404157043,0.7582616279069767,us,usp000j3ku,2022-07-19T18:31:29.008Z,"24 km SW of Kovanc?lar, Turkey",earthquake,4.311959213401311,5.298684394681596,0.1684708994708995,19.70785935884178,reviewed,isk,us, Turkey,"(38.578, 39.64)","Kumyazı, Maden, Elazığ, Doğu Anadolu Bölgesi, Türkiye",Elazığ,Moderate,2011,Shallow,1
2011-08-04 03:13:07+00:00,38.561,39.667,5.0,4.1,mb,45.0,71.1,0.8673025404157043,0.7582616279069767,us,usp000j5y3,2014-11-07T01:45:33.655Z,"24 km SW of Kovanc?lar, Turkey",earthquake,4.311959213401311,5.298684394681596,0.1684708994708995,9.0,reviewed,isk,us, Turkey,"(38.561, 39.667)","Kumyazı, Maden, Elazığ, Doğu Anadolu Bölgesi, Türkiye",Elazığ,Light,2011,Shallow,1
2017-03-20 14:39:46.380000+00:00,38.5214,39.7883,8.72,4.5,mb,30.579625292740047,144.0,1.592,0.51,us,us20008tb9,2017-06-12T19:46:51.040Z,"22 km SSW of Palu, Turkey",earthquake,5.2,8.2,0.272,4.0,reviewed,us,us, Turkey,"(38.5214, 39.7883)","Alacakaya, Elazığ, Doğu Anadolu Bölgesi, Türkiye",Elazığ,Light,2017,Shallow,1
2020-01-24 17:55:14.147000+00:00,38.4312,39.0609,10.0,6.7,mww,30.579625292740047,49.0,0.87,0.69,us,us60007ewc,2023-03-02T08:31:30.543Z,"13 km N of Do?anyol, Turkey",earthquake,5.0,1.8,0.043,51.0,reviewed,us,us, Turkey,"(38.4312, 39.0609)","Gözeli, Sivrice, Elazığ, Doğu Anadolu Bölgesi, Türkiye",Elazığ,Strong,2020,Shallow,1
2020-01-24 18:08:07.074000+00:00,38.4264,39.1881,10.0,4.8,mb,30.579625292740047,65.0,0.941,0.84,us,us60007f7j,2020-04-11T18:20:46.040Z,"10 km W of Sivrice, Turkey",earthquake,4.8,1.9,0.078,56.0,reviewed,us,us, Turkey,"(38.4264, 39.1881)","Yedipınar, Sivrice, Elazığ, Doğu Anadolu Bölgesi, Türkiye",Elazığ,Light,2020,Shallow,1
2020-01-24 18:32:37.265000+00:00,38.4178,39.0847,10.0,4.4,mb,30.579625292740047,77.0,0.893,0.78,us,us60007exs,2020-04-11T18:20:45.040Z,"13 km NNE of Do?anyol, Turkey",earthquake,4.6,1.9,0.126,18.0,reviewed,us,us, Turkey,"(38.4178, 39.0847)","Sivrice, Elazığ, Doğu Anadolu Bölgesi, Türkiye",Elazığ,Light,2020,Shallow,1
2020-01-24 18:43:24.444000+00:00,38.4263,39.0449,10.0,4.3,mb,30.579625292740047,69.0,0.866,0.89,us,us60007exz,2020-04-11T18:20:45.040Z,"13 km N of Do?anyol, Turkey",earthquake,4.8,1.9,0.075,56.0,reviewed,us,us, Turkey,"(38.4263, 39.0449)","Gözeli, Sivrice, Elazığ, Doğu Anadolu Bölgesi, Türkiye",Elazığ,Light,2020,Shallow,1
2020-01-24 19:00:32.593000+00:00,38.5045,39.205,10.0,4.3,mb,30.579625292740047,54.0,0.898,0.83,us,us60007pju,2020-04-11T18:21:11.040Z,"11 km NW of Sivrice, Turkey",earthquake,3.0,1.9,0.142,16.0,reviewed,us,us, Turkey,"(38.5045, 39.205)","Kavaktepe, Elâzığ Merkez, Elazığ, Doğu Anadolu Bölgesi, Türkiye",Elazığ,Light,2020,Shallow,1
2020-01-24 19:49:40.150000+00:00,38.4237,39.1443,10.0,4.3,mb,30.579625292740047,73.0,0.919,0.93,us,us60007f0c,2020-04-11T18:20:45.040Z,"14 km W of Sivrice, Turkey",earthquake,3.0,1.9,0.085,39.0,reviewed,us,us, Turkey,"(38.4237, 39.1443)","Kavak, Sivrice, Elazığ, Doğu Anadolu Bölgesi, Türkiye",Elazığ,Light,2020,Shallow,1
2020-01-24 20:42:13.333000+00:00,38.3608,39.0961,10.0,4.2,mb,30.579625292740047,69.0,0.942,0.99,us,us60007f1p,2020-04-11T18:20:45.040Z,"8 km NE of Do?anyol, Turkey",earthquake,4.5,1.9,0.153,15.0,reviewed,us,us, Turkey,"(38.3608, 39.0961)","Kılıçkaya, Sivrice, Elazığ, Doğu Anadolu Bölgesi, Türkiye",Elazığ,Light,2020,Shallow,1
2020-01-24 20:45:06.530000+00:00,38.4257,39.1157,10.0,4.3,mb,30.579625292740047,59.0,0.903,0.72,us,us60007f1t,2020-04-11T18:20:45.040Z,"14 km NNE of Do?anyol, Turkey",earthquake,4.4,1.9,0.099,29.0,reviewed,us,us, Turkey,"(38.4257, 39.1157)","Sivrice - Gözeli yolu, Kamışlık, Sivrice, Elazığ, Doğu Anadolu Bölgesi, Türkiye",Elazığ,Light,2020,Shallow,1
2020-01-25 00:48:52.588000+00:00,38.4605,39.1847,10.0,4.2,mb,30.579625292740047,103.0,0.916,0.75,us,us60007fb4,2020-04-11T18:20:47.040Z,"11 km W of Sivrice, Turkey",earthquake,3.9,1.9,0.108,24.0,reviewed,us,us, Turkey,"(38.4605, 39.1847)","Sivrice, Elazığ, Doğu Anadolu Bölgesi, Türkiye",Elazığ,Light,2020,Shallow,1
2020-01-25 00:57:19.759000+00:00,38.3425,39.1165,10.0,4.0,mb,30.579625292740047,105.0,0.966,0.6,us,us60007fbb,2020-04-11T18:20:47.040Z,"8 km ENE of Do?anyol, Turkey",earthquake,3.9,1.9,0.164,10.0,reviewed,us,us, Turkey,"(38.3425, 39.1165)","Akseki, Sivrice, Elazığ, Doğu Anadolu Bölgesi, Türkiye",Elazığ,Light,2020,Shallow,1
2020-01-25 08:40:04.736000+00:00,38.3409,39.2769,10.0,4.5,mb,30.579625292740047,105.0,1.051,0.53,us,us60007fkb,2020-04-11T18:20:48.040Z,"11 km SSW of Sivrice, Turkey",earthquake,4.4,2.0,0.135,16.0,reviewed,us,us, Turkey,"(38.3409, 39.2769)","Aşağı Çanakçı, Sivrice, Elazığ, Doğu Anadolu Bölgesi, Türkiye",Elazığ,Light,2020,Shallow,1
2020-01-25 16:30:11.109000+00:00,38.3615,39.1096,10.0,5.1,mww,30.579625292740047,59.0,0.948,0.82,us,us60007fs4,2020-04-11T18:20:49.040Z,"8 km NE of Do?anyol, Turkey",earthquake,3.2,1.6,0.068,21.0,reviewed,us,us, Turkey,"(38.3615, 39.1096)","Fenk, Kılıçkaya, Sivrice, Elazığ, Doğu Anadolu Bölgesi, Türkiye",Elazığ,Moderate,2020,Shallow,1
2020-01-25 16:44:02.845000+00:00,38.3483,39.1488,10.0,4.3,mb,30.579625292740047,105.0,0.978,1.3,us,us60007fsc,2020-04-11T18:20:49.040Z,"10 km ENE of Do?anyol, Turkey",earthquake,5.0,1.9,0.122,19.0,reviewed,us,us, Turkey,"(38.3483, 39.1488)","Çatakkaya, Sivrice, Elazığ, Doğu Anadolu Bölgesi, Türkiye",Elazığ,Light,2020,Shallow,1
2020-01-25 16:47:00.215000+00:00,38.3906,39.177,10.0,4.4,mb,30.579625292740047,103.0,0.961,0.93,us,us60007fsh,2020-04-11T18:20:49.040Z,"12 km WSW of Sivrice, Turkey",earthquake,4.4,1.9,0.105,26.0,reviewed,us,us, Turkey,"(38.3906, 39.177)","Kösebayır, Sivrice, Elazığ, Doğu Anadolu Bölgesi, Türkiye",Elazığ,Light,2020,Shallow,1
2020-01-27 16:12:02.215000+00:00,38.3425,39.156,5.0,4.3,mb,30.579625292740047,69.0,0.986,0.65,us,us60007hb1,2020-04-11T18:20:56.040Z,"11 km ENE of Do?anyol, Turkey",earthquake,4.1,1.9,0.119,20.0,reviewed,us,us, Turkey,"(38.3425, 39.156)","Çatakkaya, Sivrice, Elazığ, Doğu Anadolu Bölgesi, Türkiye",Elazığ,Light,2020,Shallow,1
2020-01-31 23:32:51.609000+00:00,38.4961,39.3382,10.0,4.7,mwr,30.579625292740047,34.0,0.984,0.96,us,us60007lub,2020-04-18T22:10:07.040Z,"6 km NNE of Sivrice, Turkey",earthquake,4.9,1.9,0.071,19.0,reviewed,us,us, Turkey,"(38.4961, 39.3382)","Elâzığ Merkez, Elazığ, Doğu Anadolu Bölgesi, Türkiye",Elazığ,Light,2020,Shallow,1
2020-02-01 00:03:51.347000+00:00,38.3727,39.2739,10.0,4.2,mb,30.579625292740047,73.0,1.027,0.97,us,us60007luu,2020-04-18T22:10:07.040Z,"8 km SSW of Sivrice, Turkey",earthquake,4.5,2.0,0.214,6.0,reviewed,us,us, Turkey,"(38.3727, 39.2739)","Yukarı Çanakçı, Sivrice, Elazığ, Doğu Anadolu Bölgesi, Türkiye",Elazığ,Light,2020,Shallow,1
2020-02-03 22:19:44.163000+00:00,38.4874,39.1359,10.0,4.3,mb,30.579625292740047,98.0,0.869,1.02,us,us60007nxs,2020-04-18T22:10:21.040Z,eastern Turkey,earthquake,3.5,1.8,0.083,41.0,reviewed,us,us,,"(38.4874, 39.1359)","Kavallı, Sivrice, Elazığ, Doğu Anadolu Bölgesi, Türkiye",Elazığ,Light,2020,Shallow,1
2020-02-17 11:42:15.895000+00:00,38.3417,39.1144,10.0,4.3,mb,30.579625292740047,59.0,0.966,0.92,us,us70007rsx,2020-05-02T22:10:07.040Z,"7 km ENE of Do?anyol, Turkey",earthquake,3.9,1.9,0.091,34.0,reviewed,us,us, Turkey,"(38.3417, 39.1144)","Akseki, Sivrice, Elazığ, Doğu Anadolu Bölgesi, Türkiye",Elazığ,Light,2020,Shallow,1
2020-02-29 12:29:48.614000+00:00,38.3449,39.2773,10.0,4.5,mb,30.579625292740047,105.0,1.572,0.33,us,us600086w9,2020-05-19T22:14:12.040Z,"11 km SSW of Sivrice, Turkey",earthquake,2.4,1.9,0.09,36.0,reviewed,us,us, Turkey,"(38.3449, 39.2773)","Aşağı Çanakçı, Sivrice, Elazığ, Doğu Anadolu Bölgesi, Türkiye",Elazığ,Light,2020,Shallow,1
2020-03-19 17:53:33.384000+00:00,38.3915,39.0729,10.0,5.2,mww,30.579625292740047,52.0,0.907,1.22,us,us70008cbe,2020-06-06T20:53:54.040Z,"9 km NNE of Do?anyol, Turkey",earthquake,3.3,1.5,0.061,26.0,reviewed,us,us, Turkey,"(38.3915, 39.0729)","Kalaba, Sivrice, Elazığ, Doğu Anadolu Bölgesi, Türkiye",Elazığ,Moderate,2020,Shallow,1
2020-04-30 08:45:36.906000+00:00,38.417,39.173,10.0,4.3,mb,30.579625292740047,41.0,0.94,0.91,us,us700097en,2020-07-18T21:57:05.040Z,"12 km WSW of Sivrice, Turkey",earthquake,4.7,1.9,0.09,35.0,reviewed,us,us, Turkey,"(38.417, 39.173)","Sivrice, Elazığ, Doğu Anadolu Bölgesi, Türkiye",Elazığ,Light,2020,Shallow,1
2020-12-26 11:09:20.561000+00:00,38.4297,39.2157,10.0,4.1,mwr,30.579625292740047,101.0,1.664,0.61,us,us6000d36n,2021-03-06T23:19:08.040Z,"8 km W of Sivrice, Turkey",earthquake,4.7,1.9,0.069,20.0,reviewed,us,us, Turkey,"(38.4297, 39.2157)","Yedipınar, Sivrice, Elazığ, Doğu Anadolu Bölgesi, Türkiye",Elazığ,Light,2020,Shallow,1
2020-12-27 06:37:32.897000+00:00,38.4563,39.2302,9.0,5.5,mww,30.579625292740047,26.0,0.945,0.55,us,us6000d3dd,2022-03-10T05:51:20.919Z,"7 km WNW of Sivrice, Turkey",earthquake,3.9,1.8,0.043,51.0,reviewed,us,us, Turkey,"(38.4563, 39.2302)","Alıncık, Sivrice, Elazığ, Doğu Anadolu Bölgesi, Türkiye",Elazığ,Moderate,2020,Shallow,1
2021-01-17 09:24:06.554000+00:00,38.3881,39.2457,10.0,4.2,mb,30.579625292740047,94.0,1.619,0.55,us,us7000d0va,2021-03-27T21:05:03.040Z,"8 km SW of Sivrice, Turkey",earthquake,3.9,2.0,0.263,5.0,reviewed,us,us, Turkey,"(38.3881, 39.2457)","Aşağı Çanakçı, Sivrice, Elazığ, Doğu Anadolu Bölgesi, Türkiye",Elazığ,Light,2021,Shallow,1
2022-01-31 06:07:00.573000+00:00,39.0635,40.0681,10.0,4.6,mb,30.579625292740047,68.0,1.348,0.88,us,us7000ghzy,2022-04-15T17:57:22.040Z,"12 km NNE of Karakoçan, Turkey",earthquake,2.8,1.9,0.125,21.0,reviewed,us,us, Turkey,"(39.0635, 40.0681)","Çalıkaya, Karakoçan, Elazığ, Doğu Anadolu Bölgesi, Türkiye",Elazığ,Light,2022,Shallow,1
2023-01-15 03:36:28.029000+00:00,38.4311,39.156,10.0,4.7,mb,78.0,51.0,0.921,1.02,us,us7000j4gh,2023-02-09T23:41:51.436Z,"13 km W of Sivrice, Turkey",earthquake,4.32,1.831,0.07,63.0,reviewed,us,us, Turkey,"(38.4311, 39.156)","Kavak, Sivrice, Elazığ, Doğu Anadolu Bölgesi, Türkiye",Elazığ,Light,2023,Shallow,1
2023-02-06 02:56:51.520000+00:00,38.8297,38.8005,14.19,4.4,mb,31.0,112.0,1.771,0.56,us,us6000jnsn,2023-03-19T20:38:18.040Z,"6 km NE of Keban, Turkey",earthquake,5.99,4.488,0.143,14.0,reviewed,us,us, Turkey,"(38.8297, 38.8005)","Büklümlü, Keban, Elazığ, Doğu Anadolu Bölgesi, Türkiye",Elazığ,Light,2023,Shallow,1
2023-02-07 19:54:23.826000+00:00,38.5889,39.9722,10.0,4.6,mwr,127.0,23.0,1.424,0.62,us,us6000jmbq,2023-03-16T16:34:35.040Z,"12 km SSE of Palu, Turkey",earthquake,2.81,1.807,0.048,42.0,reviewed,us,us, Turkey,"(38.5889, 39.9722)","Alacakaya, Elazığ, Doğu Anadolu Bölgesi, Türkiye",Elazığ,Light,2023,Shallow,1
2023-02-09 00:32:16.755000+00:00,38.3957,39.284,14.83,4.2,mb,24.0,69.0,1.021,0.65,us,us6000jmlx,2023-03-06T01:33:46.040Z,eastern Turkey,earthquake,4.4,5.818,0.236,5.0,reviewed,us,us,,"(38.3957, 39.284)","Yedikardeş, Sivrice, Elazığ, Doğu Anadolu Bölgesi, Türkiye",Elazığ,Light,2023,Shallow,1
2023-02-17 15:34:38.723000+00:00,38.6273,39.642,10.0,4.4,mwr,39.0,49.0,1.121,0.77,us,us6000jppv,2023-03-12T21:21:04.040Z,"21 km WSW of Kovanc?lar, Turkey",earthquake,3.4,1.883,0.055,32.0,reviewed,us,us, Turkey,"(38.6273, 39.642)","Konakalmaz, Elâzığ Merkez, Elazığ, Doğu Anadolu Bölgesi, Türkiye",Elazığ,Light,2023,Shallow,1
2023-02-20 00:37:30.222000+00:00,38.6255,39.9281,10.0,4.7,mwr,94.0,41.0,1.328,0.88,us,us6000jq73,2023-03-13T00:40:26.040Z,"7 km S of Palu, Turkey",earthquake,3.91,1.826,0.048,42.0,reviewed,us,us, Turkey,"(38.6255, 39.9281)","Karataş, Palu, Elazığ, Doğu Anadolu Bölgesi, Türkiye",Elazığ,Light,2023,Shallow,1
2023-02-20 00:39:03.146000+00:00,38.6937,39.9887,10.0,4.5,mwr,66.0,57.0,1.35,0.58,us,us6000jq74,2023-03-13T00:51:02.040Z,"5 km E of Palu, Turkey",earthquake,2.94,1.375,0.071,19.0,reviewed,us,us, Turkey,"(38.6937, 39.9887)","Umutkaya, Palu, Elazığ, Doğu Anadolu Bölgesi, Türkiye",Elazığ,Light,2023,Shallow,1
2023-02-20 00:58:49.108000+00:00,38.6528,39.9381,13.941,4.2,mb,18.0,74.0,1.326,0.88,us,us6000jq79,2023-03-13T02:20:29.040Z,"4 km SSE of Palu, Turkey",earthquake,3.68,6.197,0.372,2.0,reviewed,us,us, Turkey,"(38.6528, 39.9381)","Köroğlu, Kasıl, Palu, Elazığ, Doğu Anadolu Bölgesi, Türkiye",Elazığ,Light,2023,Shallow,1
2023-02-20 01:07:37.652000+00:00,38.6331,39.9916,5.322,4.4,mwr,69.0,39.0,1.372,0.66,us,us6000jq7e,2023-03-13T23:20:08.040Z,"8 km SE of Palu, Turkey",earthquake,2.32,3.986,0.054,33.0,reviewed,us,us, Turkey,"(38.6331, 39.9916)","Yarımtepe, Palu, Elazığ, Doğu Anadolu Bölgesi, Türkiye",Elazığ,Light,2023,Shallow,1
2023-02-20 03:45:38.364000+00:00,38.6473,39.9676,6.993,4.4,mb,69.0,40.0,1.349,0.65,us,us6000jq85,2023-03-14T03:13:40.020Z,"6 km SE of Palu, Turkey",earthquake,3.64,4.102,0.081,44.0,reviewed,us,us, Turkey,"(38.6473, 39.9676)","Köroğlu, Kasıl, Palu, Elazığ, Doğu Anadolu Bölgesi, Türkiye",Elazığ,Light,2023,Shallow,1
